{
    "avg_tokens_count": 120.1875,
    "avg_tokens_per_second": 1.9102981008154838,
    "max_tokens_per_second": 2.096128450751462,
    "min_tokens_per_second": 1.6166380694939582
}