{"avg_tokens_count": 123.78125, "avg_tokens_per_second": 1.353793976366118, "max_tokens_per_second": 1.601452993448067, "min_tokens_per_second": 0.466147947589432}